filename,wavenumber,wavenumber_calibrated,sum_withoutIR,sum_withIR,depletion,-ln(depletion),yield_IR
fullrange_depletion_data_C8H6Br0(0)_1000-402,402.0,405.7623,0.224399983882904,0.2195335924625396,0.9783137621662944,0.0219248401881845,-1.0572989879369093e-06
fullrange_depletion_data_C8H6Br0(0)_1000-402,404.0,407.6799,0.1977483928203582,0.2186019420623779,1.1054549619574596,-0.1002569805103077,4.862654279071971e-06
fullrange_depletion_data_C8H6Br0(0)_1000-402,406.0,409.5975,0.3214488327503204,0.2843860983848572,0.8847009832067082,0.1225055631486554,-5.976056702949201e-06
fullrange_depletion_data_C8H6Br0(0)_1000-402,408.0,411.5151,0.1867639422416687,0.1903500258922577,1.0192011563235728,-0.0190191403755154,9.33152543348846e-07
fullrange_depletion_data_C8H6Br0(0)_1000-402,410.0,413.4327,0.164645254611969,0.1827760338783264,1.1101202661995178,-0.1044683573825234,5.155278451182595e-06
fullrange_depletion_data_C8H6Br0(0)_1000-402,412.0,415.3503,0.2270389646291732,0.2250560373067855,0.9912661365170228,0.0087722272076756,-4.353971459996981e-07
fullrange_depletion_data_C8H6Br0(0)_1000-402,414.0,417.2679,0.2714455127716064,0.2816064357757568,1.0374326431127994,-0.0367490487142562,1.8345641345330032e-06
fullrange_depletion_data_C8H6Br0(0)_1000-402,416.0,419.1855,0.2336832880973816,0.2441563904285431,1.0448175067050456,-0.0438422354343401,2.201371444575408e-06
fullrange_depletion_data_C8H6Br0(0)_1000-402,418.0,421.1031,0.2276663184165954,0.2262787371873855,0.9939051975766092,0.0061134515454353,-3.08747683597418e-07
fullrange_depletion_data_C8H6Br0(0)_1000-402,420.0,423.0207,0.2570706605911255,0.2982935309410095,1.1603561847746195,-0.1487270138264659,7.554860394661366e-06
fullrange_depletion_data_C8H6Br0(0)_1000-402,422.0,424.9383,0.2222338169813156,0.2208757996559143,0.993889240873204,0.0061295062270433,-3.131729101062798e-07
fullrange_depletion_data_C8H6Br0(0)_1000-402,424.0,426.8559,0.2345888018608093,0.2100152522325515,0.8952484115467788,0.1106540444176194,-5.6865762268670744e-06
fullrange_depletion_data_C8H6Br0(0)_1000-402,426.0,428.7735,0.2174701392650604,0.2306060343980789,1.0604032129533334,-0.0586492253728181,3.0316111532243596e-06
fullrange_depletion_data_C8H6Br0(0)_1000-402,428.0,430.6911,0.214001327753067,0.2292981445789337,1.0714800089629233,-0.0690408786999818,3.5896155582098696e-06
fullrange_depletion_data_C8H6Br0(0)_1000-402,430.0,432.6087,0.2110626250505447,0.210744559764862,0.9984930288552676,0.001508107767797,-7.886915579558158e-08
fullrange_depletion_data_C8H6Br0(0)_1000-402,432.0,434.5263,0.2199262082576751,0.2368550449609756,1.07697507649232,-0.0741562563023208,3.900843937071739e-06
fullrange_depletion_data_C8H6Br0(0)_1000-402,434.0,436.4439,0.1833643913269043,0.2156177163124084,1.175897428896118,-0.1620316253460911,8.57332546306889e-06
fullrange_depletion_data_C8H6Br0(0)_1000-402,436.0,438.3615,0.2047454118728637,0.2028623968362808,0.9908031392774154,0.0092394129450087,-4.917398757347449e-07
fullrange_depletion_data_C8H6Br0(0)_1000-402,438.0,440.2791,0.2708882987499237,0.2831340432167053,1.045205881993768,-0.0442138822735982,2.36697686564478e-06
fullrange_depletion_data_C8H6Br0(0)_1000-402,440.0,442.1967,0.3432850539684295,0.3289317488670349,0.9581883774563786,0.0427108841658747,-2.2999639439296163e-06
fullrange_depletion_data_C8H6Br0(0)_1000-402,442.0,444.1143,0.166876271367073,0.1754324585199356,1.051272640997843,-0.0500014692886445,2.7084144856815707e-06
fullrange_depletion_data_C8H6Br0(0)_1000-402,444.0,446.0319,0.2568949162960052,0.2290634214878082,0.8916619479689182,0.1146682003316174,-6.247813396504304e-06
fullrange_depletion_data_C8H6Br0(0)_1000-402,446.0,447.9495,0.2367175221443176,0.2263498455286026,0.956202327052941,0.0447857491464305,-2.4545980648609526e-06
fullrange_depletion_data_C8H6Br0(0)_1000-402,448.0,449.8671,0.1966910660266876,0.2201356142759323,1.1191947795232533,-0.1126094798865377,6.208315650593633e-06
fullrange_depletion_data_C8H6Br0(0)_1000-402,450.0,451.7847,0.2073942571878433,0.2186704874038696,1.054370985816705,-0.0529443671423409,2.9361598555213726e-06
fullrange_depletion_data_C8H6Br0(0)_1000-402,452.0,453.7023,0.1874738484621048,0.2227430641651153,1.1881287229783395,-0.1723795677460961,9.616335977692095e-06
fullrange_depletion_data_C8H6Br0(0)_1000-402,454.0,455.6199,0.2498056143522262,0.2754461467266083,1.102641937975937,-0.0977090619806206,5.4830903482417205e-06
fullrange_depletion_data_C8H6Br0(0)_1000-402,456.0,457.5375,0.204686239361763,0.2279157638549804,1.1134884522068995,-0.1074978369447597,6.068198999831148e-06
fullrange_depletion_data_C8H6Br0(0)_1000-402,458.0,459.4551,0.1986324191093444,0.2263122200965881,1.1393518797755078,-0.1304595742212141,7.408126567356722e-06
fullrange_depletion_data_C8H6Br0(0)_1000-402,460.0,461.3727,0.1887532323598861,0.1966788321733474,1.0419892137176754,-0.0411315917590521,2.34954150369308e-06
fullrange_depletion_data_C8H6Br0(0)_1000-402,462.0,463.2903,0.2101802676916122,0.207171082496643,0.9856828367952007,0.0144206426615862,-8.286482352828217e-07
fullrange_depletion_data_C8H6Br0(0)_1000-402,464.0,465.2079,0.2612747550010681,0.2579454779624939,0.9872575632553532,0.0128243179124839,-7.413114114221302e-07
fullrange_depletion_data_C8H6Br0(0)_1000-402,466.0,467.1255,0.1577480584383011,0.1812010258436203,1.1486735725149493,-0.1386078614755186,8.060053352387431e-06
fullrange_depletion_data_C8H6Br0(0)_1000-402,468.0,469.0431,0.2086250483989715,0.2153994888067245,1.0324718458293545,-0.0319557775193886,1.8693297462919328e-06
fullrange_depletion_data_C8H6Br0(0)_1000-402,470.0,470.9607,0.2143305242061615,0.2175311595201492,1.014933175411399,-0.0148227732932936,8.722787697059976e-07
fullrange_depletion_data_C8H6Br0(0)_1000-402,472.0,472.8783,0.2138631790876388,0.223947212100029,1.0471517960941643,-0.0460739033223842,2.7275516727550735e-06
fullrange_depletion_data_C8H6Br0(0)_1000-402,474.0,474.7959,0.1910363435745239,0.222392052412033,1.1641347832082911,-0.1519781357400094,9.050948134169763e-06
fullrange_depletion_data_C8H6Br0(0)_1000-402,476.0,476.7135,0.2132359445095062,0.2105386704206466,0.9873507531994012,0.0127299296296627,-7.626702234112909e-07
fullrange_depletion_data_C8H6Br0(0)_1000-402,478.0,478.6311,0.2222887426614761,0.2055231481790542,0.9245774019786768,0.0784185085890386,-4.726395223408268e-06
fullrange_depletion_data_C8H6Br0(0)_1000-402,480.0,480.5487,0.2120806127786636,0.2035014182329177,0.9595474832265812,0.041293477289768,-2.5037815068049855e-06
fullrange_depletion_data_C8H6Br0(0)_1000-402,482.0,482.4663,0.2230159640312194,0.2199247181415558,0.9861389030911216,0.0139580589555363,-8.514249327151333e-07
fullrange_depletion_data_C8H6Br0(0)_1000-402,484.0,484.3839,0.2173224985599517,0.2052463889122009,0.94443230807776,0.057171264193121,-3.5083938927586044e-06
fullrange_depletion_data_C8H6Br0(0)_1000-402,486.0,486.3015,0.2389368563890457,0.2553650736808777,1.0687554759868565,-0.0664948649860985,4.105166048639645e-06
fullrange_depletion_data_C8H6Br0(0)_1000-402,488.0,488.2191,0.2013655304908752,0.1898340433835983,0.9427335598145014,0.0589715815377535,-3.662691329440557e-06
fullrange_depletion_data_C8H6Br0(0)_1000-402,490.0,490.1367,0.2155486494302749,0.2194530069828033,1.018113579291024,-0.017951482917542,1.121697260425662e-06
fullrange_depletion_data_C8H6Br0(0)_1000-402,492.0,492.0543,0.2439552098512649,0.2359354197978973,0.967125973418411,0.0334265196056852,-2.1012955143230873e-06
fullrange_depletion_data_C8H6Br0(0)_1000-402,494.0,493.9719,0.2180976271629333,0.2331635504961013,1.0690788044287745,-0.0667973472199604,4.224532896430274e-06
fullrange_depletion_data_C8H6Br0(0)_1000-402,496.0,495.8895,0.2382034957408905,0.2053012102842331,0.8618732048649388,0.1486471132620465,-9.45806584542694e-06
fullrange_depletion_data_C8H6Br0(0)_1000-402,498.0,497.8071,0.2182731926441192,0.2054443955421447,0.941225961161016,0.0605720394653313,-3.877459676307988e-06
fullrange_depletion_data_C8H6Br0(0)_1000-402,500.0,499.7247,0.1863536983728408,0.2190318405628204,1.1753554797962735,-0.1615706378381642,1.0405660254837794e-05
fullrange_depletion_data_C8H6Br0(0)_1000-402,502.0,501.6423,0.2215718775987625,0.2057230770587921,0.9284710645063428,0.0742160623730438,-4.808837390185199e-06
fullrange_depletion_data_C8H6Br0(0)_1000-402,504.0,503.5599,0.244217500090599,0.1974882781505584,0.8086573569760352,0.2123799906081889,-1.3845021495702466e-05
fullrange_depletion_data_C8H6Br0(0)_1000-402,506.0,505.4775,0.1877196729183197,0.1768743842840194,0.942226147820856,0.0595099612217819,-3.903106788041687e-06
fullrange_depletion_data_C8H6Br0(0)_1000-402,508.0,507.3951,0.1912539601325988,0.189951479434967,0.9931897844273196,0.0068335109151986,-4.509291026758812e-07
fullrange_depletion_data_C8H6Br0(0)_1000-402,510.0,509.3127,0.166924387216568,0.1403558105230331,0.8408346609110823,0.1733602365403805,-1.1509603144851259e-05
fullrange_depletion_data_C8H6Br0(0)_1000-402,512.0,511.2303,0.1869862675666809,0.1850609481334686,0.9897034180195844,0.0103499584938777,-6.913513781794729e-07
fullrange_depletion_data_C8H6Br0(0)_1000-402,514.0,513.1478999999999,0.1941412091255188,0.1894451379776001,0.9758110543914325,0.0244863031224151,-1.645643259243853e-06
fullrange_depletion_data_C8H6Br0(0)_1000-402,516.0,515.0654999999999,0.2095194458961486,0.2003208100795745,0.9560965056144072,0.0448964237301662,-3.03584332980221e-06
fullrange_depletion_data_C8H6Br0(0)_1000-402,518.0,516.9830999999999,0.2259053289890289,0.1873443126678466,0.8293045299384905,0.1871678451758671,-1.2733766052948799e-05
fullrange_depletion_data_C8H6Br0(0)_1000-402,520.0,518.9006999999999,0.2902068793773651,0.2590090036392212,0.8924978077532878,0.1137312216301968,-7.78513659653313e-06
fullrange_depletion_data_C8H6Br0(0)_1000-402,524.0,522.7359,0.2237644344568252,0.2269783318042755,1.0143628604574797,-0.0142606917055371,9.88229026824624e-07
fullrange_depletion_data_C8H6Br0(0)_1000-402,526.0,524.6535,0.1423710733652115,0.1455638408660888,1.0224256755632324,-0.0221779173571369,1.5463484160916693e-06
fullrange_depletion_data_C8H6Br0(0)_1000-402,528.0,526.5711,0.2003913819789886,0.1886770874261856,0.9415429224694338,0.0602353424716982,-4.225814688458911e-06
fullrange_depletion_data_C8H6Br0(0)_1000-402,530.0,528.4887,0.2049139142036438,0.1917561590671539,0.9357888643744628,0.066365400199297,-4.6846391988874425e-06
fullrange_depletion_data_C8H6Br0(0)_1000-402,532.0,530.4063,0.2101700156927108,0.2011969238519668,0.9573055565934604,0.043632652603491,-3.099019496581969e-06
fullrange_depletion_data_C8H6Br0(0)_1000-402,534.0,532.3239,0.2284696847200393,0.1763486415147781,0.771868888123477,0.2589405774177409,-1.8505207663151225e-05
fullrange_depletion_data_C8H6Br0(0)_1000-402,536.0,534.2415,0.2626654207706451,0.236513003706932,0.9004344881523293,0.1048778675374721,-7.541569820275443e-06
fullrange_depletion_data_C8H6Br0(0)_1000-402,538.0,536.1591,0.2245292961597442,0.184330016374588,0.820961983702314,0.197278475471101,-1.4273963006720112e-05
fullrange_depletion_data_C8H6Br0(0)_1000-402,540.0,538.0767,0.1560506075620651,0.1673621833324432,1.0724865859037378,-0.0699798644259556,5.094807936004498e-06
fullrange_depletion_data_C8H6Br0(0)_1000-402,542.0,539.9943,0.2372646182775497,0.218570664525032,0.9212105290361932,0.0820666814046669,-6.011936002600108e-06
fullrange_depletion_data_C8H6Br0(0)_1000-402,544.0,541.9119,0.2356715649366378,0.2205694317817688,0.9359187301237236,0.0662266330651025,-4.881753117378237e-06
fullrange_depletion_data_C8H6Br0(0)_1000-402,546.0,543.8295,0.1820674538612365,0.1769821792840957,0.9720692827339884,0.028328198528982,-2.1011674051672243e-06
fullrange_depletion_data_C8H6Br0(0)_1000-402,548.0,545.7471,0.1836023330688476,0.1408309489488601,0.7670433517642231,0.2652119580071594,-1.979412300265311e-05
fullrange_depletion_data_C8H6Br0(0)_1000-402,550.0,547.6647,0.2118555456399917,0.2147160321474075,1.013502061033024,-0.0134117204875481,1.007237823131052e-06
fullrange_depletion_data_C8H6Br0(0)_1000-402,552.0,549.5823,0.2062913626432418,0.1857301294803619,0.9003291611465172,0.1049948479151838,-7.934559013852973e-06
fullrange_depletion_data_C8H6Br0(0)_1000-402,554.0,551.4999,0.206355795264244,0.1924041360616684,0.9323902719344024,0.0700038052357496,-5.323369751655888e-06
fullrange_depletion_data_C8H6Br0(0)_1000-402,556.0,553.4175,0.2758844792842865,0.2530485391616821,0.91722644136471,0.0864009000616381,-6.611444184139849e-06
fullrange_depletion_data_C8H6Br0(0)_1000-402,558.0,555.3351,0.1498887240886688,0.1542110741138458,1.0288370593015392,-0.0284290957240819,2.1890571777559552e-06
fullrange_depletion_data_C8H6Br0(0)_1000-402,560.0,557.2527,0.2091564238071441,0.2105160355567932,1.0065004541811382,-0.0064794173456333,5.020522414807336e-07
fullrange_depletion_data_C8H6Br0(0)_1000-402,562.0,559.1703,0.2328054308891296,0.2206269651651382,0.9476882232623206,0.053729709234755,-4.1893751238709105e-06
fullrange_depletion_data_C8H6Br0(0)_1000-402,564.0,561.0879,0.2110378891229629,0.2205796241760254,1.045213374208377,-0.0442210504190183,3.46967281465845e-06
fullrange_depletion_data_C8H6Br0(0)_1000-402,566.0,563.0055,0.1963392496109008,0.2315847277641296,1.179513155026706,-0.1651017728569849,1.3035834008551202e-05
fullrange_depletion_data_C8H6Br0(0)_1000-402,568.0,564.9231,0.2085146754980087,0.2276318669319152,1.0916827143617005,-0.0877202804897157,6.969756723191579e-06
fullrange_depletion_data_C8H6Br0(0)_1000-402,570.0,566.8407,0.2287398129701614,0.2194592356681823,0.9594273634245312,0.04141866892781,-3.311670922737691e-06
fullrange_depletion_data_C8H6Br0(0)_1000-402,572.0,568.7583,0.2001664489507675,0.2127405107021331,1.0628180287819282,-0.0609238982353002,4.902019748506809e-06
fullrange_depletion_data_C8H6Br0(0)_1000-402,574.0,570.6759,0.2241325974464416,0.1976875811815261,0.882011735168354,0.1255499178843192,-1.0165834778678152e-05
fullrange_depletion_data_C8H6Br0(0)_1000-402,576.0,572.5935,0.2035029977560043,0.1732940226793289,0.8515551347656544,0.1606910308104113,-1.3093640051005706e-05
fullrange_depletion_data_C8H6Br0(0)_1000-402,578.0,574.5110999999999,0.2654560506343841,0.2694580554962158,1.0150759602286996,-0.0149634473572958,1.2270025733010594e-06
fullrange_depletion_data_C8H6Br0(0)_1000-402,580.0,576.4287,0.2337191253900528,0.2386087626218795,1.0209209974736406,-0.0207051585919017,1.7085997235683282e-06
fullrange_depletion_data_C8H6Br0(0)_1000-402,582.0,578.3463,0.2563363015651703,0.2554735541343689,0.9966343142756858,0.0033713623853284,-2.7997423615396475e-07
fullrange_depletion_data_C8H6Br0(0)_1000-402,584.0,580.2639,0.2793120443820953,0.2721059322357178,0.9742004962144788,0.0261381482539646,-2.184445493625262e-06
fullrange_depletion_data_C8H6Br0(0)_1000-402,586.0,582.1815,0.2423358559608459,0.266888827085495,1.10131794582068,-0.0965075951805589,8.116794605694641e-06
fullrange_depletion_data_C8H6Br0(0)_1000-402,588.0,584.0991,0.2593077719211578,0.233506441116333,0.9004991997977226,0.1048060029864848,-8.870922589195425e-06
fullrange_depletion_data_C8H6Br0(0)_1000-402,590.0,586.0167,0.2441487908363342,0.2374556064605713,0.9725856337324656,0.0277971521142792,-2.3678021123309032e-06
fullrange_depletion_data_C8H6Br0(0)_1000-402,592.0,587.9343,0.2460184842348098,0.2525984644889831,1.0267458775491562,-0.0263944587981689,2.2626804789357513e-06
fullrange_depletion_data_C8H6Br0(0)_1000-402,594.0,589.8519,0.2405328452587127,0.2854727208614349,1.1868346734700022,-0.1712898249413574,1.4777817569672743e-05
fullrange_depletion_data_C8H6Br0(0)_1000-402,596.0,591.7695,0.2078821063041687,0.186449259519577,0.8968990301010729,0.1088119872490276,-9.447711898936691e-06
fullrange_depletion_data_C8H6Br0(0)_1000-402,598.0,593.6871,0.328613132238388,0.2677735686302185,0.8148596095543915,0.2047394387948952,-1.7890623137058036e-05
fullrange_depletion_data_C8H6Br0(0)_1000-402,600.0,595.6047,0.2180446535348892,0.1755465865135193,0.8050946614264503,0.2167954166428517,-1.906562334956206e-05
fullrange_depletion_data_C8H6Br0(0)_1000-402,602.0,597.5223,0.2664594054222107,0.2328298538923263,0.873791088452676,0.1349139611289891,-1.19409162563211e-05
fullrange_depletion_data_C8H6Br0(0)_1000-402,604.0,599.4399,0.2758833765983581,0.2121788263320922,0.7690888409017501,0.2625487883186946,-2.3386946091002832e-05
fullrange_depletion_data_C8H6Br0(0)_1000-402,606.0,601.3575,0.2337410002946853,0.2175859659910202,0.9308848927518152,0.0716196476391225,-6.420684092844681e-06
fullrange_depletion_data_C8H6Br0(0)_1000-402,608.0,603.2751,0.2786027789115906,0.2273621410131454,0.8160799468740928,0.2032429547067719,-1.833804929837794e-05
fullrange_depletion_data_C8H6Br0(0)_1000-402,610.0,605.1927,0.1966658234596252,0.1904978454113006,0.9686372652867627,0.0318650764031374,-2.893636664570431e-06
fullrange_depletion_data_C8H6Br0(0)_1000-402,612.0,607.1103,0.2988224029541015,0.2592876851558685,0.8676982802915701,0.1419112281005609,-1.2970002939455805e-05
fullrange_depletion_data_C8H6Br0(0)_1000-402,614.0,609.0279,0.2365215867757797,0.2243311107158661,0.9484593511057826,0.0529163465024464,-4.867548975914518e-06
fullrange_depletion_data_C8H6Br0(0)_1000-402,616.0,610.9455,0.3562899827957153,0.3166125416755676,0.8886372251927795,0.1180661974010095,-1.093065268414247e-05
fullrange_depletion_data_C8H6Br0(0)_1000-402,618.0,612.8631,0.2784451246261596,0.2547453343868255,0.9148852389814566,0.0889566434507867,-8.288993960518815e-06
fullrange_depletion_data_C8H6Br0(0)_1000-402,620.0,614.7807,0.2817995548248291,0.2520918250083923,0.8945785069287865,0.1114026136142934,-1.044779410744696e-05
fullrange_depletion_data_C8H6Br0(0)_1000-402,622.0,616.6983,0.274861067533493,0.2612109780311584,0.9503382213245924,0.0509373353015643,-4.808106822254183e-06
fullrange_depletion_data_C8H6Br0(0)_1000-402,624.0,618.6159,0.3470233976840973,0.2896196544170379,0.8345824989030994,0.1808236804872744,-1.7179270533737776e-05
fullrange_depletion_data_C8H6Br0(0)_1000-402,626.0,620.5335,0.2541159391403198,0.253229945898056,0.9965134290857112,0.0034926631674961,-3.3398003934513603e-07
fullrange_depletion_data_C8H6Br0(0)_1000-402,628.0,622.4511,0.3328119218349457,0.2978660464286804,0.8949981262281936,0.1109336543092569,-1.0676880487497737e-05
fullrange_depletion_data_C8H6Br0(0)_1000-402,630.0,624.3687,0.288015067577362,0.2383937686681747,0.8277128369478141,0.1890890000316232,-1.8317552303177043e-05
fullrange_depletion_data_C8H6Br0(0)_1000-402,632.0,626.2863,0.271780401468277,0.2405958026647567,0.8852581031043912,0.1218760345675814,-1.1883447688944763e-05
fullrange_depletion_data_C8H6Br0(0)_1000-402,633.0,627.2451,0.1682402193546295,0.1590075194835662,0.9451219220559748,0.0564413417618562,-5.521206959335213e-06
fullrange_depletion_data_C8H6Br0(0)_1000-402,634.0,628.2039,0.2714333236217499,0.2061998695135116,0.7596704294158705,0.274870585258597,-2.6976042088936385e-05
fullrange_depletion_data_C8H6Br0(0)_1000-402,636.0,630.1215,0.4012476205825805,0.3012135326862335,0.750692383543346,0.286759320260769,-2.832671242973289e-05
fullrange_depletion_data_C8H6Br0(0)_1000-402,638.0,632.0391,0.2965839803218841,0.2148168385028839,0.7243035792753947,0.3225446660901886,-3.2070077399783024e-05
fullrange_depletion_data_C8H6Br0(0)_1000-402,640.0,633.9567,0.3449694514274597,0.2317697554826736,0.6718558832488687,0.3977114209097922,-3.980270236261642e-05
fullrange_depletion_data_C8H6Br0(0)_1000-402,642.0,635.8743,0.2718406319618225,0.2199191600084304,0.8090003264828934,0.2119559583601996,-2.135144712110793e-05
fullrange_depletion_data_C8H6Br0(0)_1000-402,644.0,637.7918999999999,0.3504213094711303,0.2726314961910248,0.7780106084372864,0.251015119373204,-2.5451980861629525e-05
fullrange_depletion_data_C8H6Br0(0)_1000-402,645.0,638.7507,0.1207283064723014,0.1091422066092491,0.9040316210704856,0.1008909401414419,-1.0263487254171992e-05
fullrange_depletion_data_C8H6Br0(0)_1000-402,646.0,639.7095,0.2944194972515106,0.2363454848527908,0.802750792862371,0.2197109583301973,-2.2424164701915444e-05
fullrange_depletion_data_C8H6Br0(0)_1000-402,648.0,641.6271,0.2797298729419708,0.2533433735370636,0.905671499695776,0.0990786218055547,-1.0178650111479024e-05
fullrange_depletion_data_C8H6Br0(0)_1000-402,650.0,643.5447,0.3835683465003967,0.3110817372798919,0.8110203569145928,0.2094621241773189,-2.1660287865600693e-05
fullrange_depletion_data_C8H6Br0(0)_1000-402,652.0,645.4623,0.341009110212326,0.3196713924407959,0.937427719282208,0.0646156235421967,-6.725856019385796e-06
fullrange_depletion_data_C8H6Br0(0)_1000-402,654.0,647.3799,0.239314004778862,0.2330165207386016,0.9736852674122456,0.0266671616323359,-2.794093498649133e-06
fullrange_depletion_data_C8H6Br0(0)_1000-402,656.0,649.2975,0.3806458115577698,0.328438937664032,0.8628465825485263,0.1475183759517482,-1.5558480625825386e-05
fullrange_depletion_data_C8H6Br0(0)_1000-402,657.0,650.2563,0.1331078708171844,0.1274369806051254,0.9573962818483692,0.0435378856239485,-4.606996736263701e-06
fullrange_depletion_data_C8H6Br0(0)_1000-402,658.0,651.2151,0.170007437467575,0.1937390714883804,1.139591740069205,-0.1306700755188279,1.3872569883208213e-05
fullrange_depletion_data_C8H6Br0(0)_1000-402,660.0,653.1327,0.27893927693367,0.2793266475200653,1.0013887272909483,-0.0013877639010249,1.4830605320456024e-07
fullrange_depletion_data_C8H6Br0(0)_1000-402,661.0,654.0915,0.1481495052576065,0.1544954627752304,1.0428348208560627,-0.0419427942113791,4.497104221664445e-06
fullrange_depletion_data_C8H6Br0(0)_1000-402,662.0,655.0503,0.2287918776273727,0.2355339527130127,1.0294681575043525,-0.0290423169484532,3.1242073651323692e-06
fullrange_depletion_data_C8H6Br0(0)_1000-402,663.0,656.0091,0.1742203533649444,0.1672132611274719,0.9597802891445492,0.0410508861883824,-4.430623247336431e-06
fullrange_depletion_data_C8H6Br0(0)_1000-402,664.0,656.9679,0.2491516917943954,0.1997098177671432,0.8015591478782631,0.2211965131759257,-2.395272621231794e-05
fullrange_depletion_data_C8H6Br0(0)_1000-402,666.0,658.8855,0.2784446477890014,0.2563048899173736,0.920487759246122,0.08285157633754,-9.031259235150873e-06
fullrange_depletion_data_C8H6Br0(0)_1000-402,668.0,660.8031,0.3107016980648041,0.2814174592494964,0.9057480567447695,0.0989940946745904,-1.0862516540491615e-05
fullrange_depletion_data_C8H6Br0(0)_1000-402,669.0,661.7619,0.1836117506027221,0.1704420745372772,0.9282743287277948,0.0744279770275797,-8.19398622087774e-06
fullrange_depletion_data_C8H6Br0(0)_1000-402,670.0,662.7207,0.2506907284259796,0.2054534703493118,0.8195495367511176,0.1990004350947861,-2.1981209351778512e-05
fullrange_depletion_data_C8H6Br0(0)_1000-402,672.0,664.6383,0.2645659744739532,0.3059634566307068,1.1564731906250068,-0.1453750209463923,1.616465720014194e-05
fullrange_depletion_data_C8H6Br0(0)_1000-402,674.0,666.5559,0.3172553777694702,0.2852771580219269,0.8992035376283521,0.1062458656552178,-1.1892431314314622e-05
fullrange_depletion_data_C8H6Br0(0)_1000-402,676.0,668.4735,0.3083424568176269,0.2842610478401184,0.9219004439866944,0.0813180395780792,-9.162841223479957e-06
fullrange_depletion_data_C8H6Br0(0)_1000-402,678.0,670.3911,0.2814649641513824,0.2528407275676727,0.8983026655910378,0.1072482233785213,-1.2165242038180166e-05
fullrange_depletion_data_C8H6Br0(0)_1000-402,680.0,672.3087,0.299004316329956,0.2463998347520828,0.8240678187407056,0.1935024481625054,-2.209567273235522e-05
fullrange_depletion_data_C8H6Br0(0)_1000-402,681.0,673.2675,0.1948686391115188,0.1626022160053253,0.8344196210672554,0.1810188603907774,-2.073913658030666e-05
fullrange_depletion_data_C8H6Br0(0)_1000-402,682.0,674.2263,0.3592146635055542,0.3074714243412018,0.8559545463445359,0.1555380043150477,-1.7879284211444587e-05
fullrange_depletion_data_C8H6Br0(0)_1000-402,683.0,675.1851,0.1909796446561813,0.1440973579883575,0.7545168399898037,0.2816776816199893,-3.248728982440777e-05
fullrange_depletion_data_C8H6Br0(0)_1000-402,684.0,676.1439,0.4717438519001007,0.3544847667217254,0.7514348417979876,0.2857707777424284,-3.306945059357456e-05
fullrange_depletion_data_C8H6Br0(0)_1000-402,686.0,678.0615,0.4414551556110382,0.3820563852787018,0.8654477820060343,0.1445082389346271,-1.6834492839062578e-05
fullrange_depletion_data_C8H6Br0(0)_1000-402,688.0,679.9791,0.3725322484970093,0.3024918138980865,0.8119882644213954,0.2082693916079107,-2.4424959018544216e-05
fullrange_depletion_data_C8H6Br0(0)_1000-402,689.0,680.9379,0.2917954921722412,0.2607543170452118,0.8936201005164727,0.1124745376165743,-1.3234700124284821e-05
fullrange_depletion_data_C8H6Br0(0)_1000-402,690.0,681.8967,0.3163085579872131,0.2504163086414337,0.7916836339646456,0.2335934190347808,-2.75786280788068e-05
fullrange_depletion_data_C8H6Br0(0)_1000-402,691.0,682.8555,0.2158883363008499,0.1884152591228485,0.8727440414394761,0.1361129603597696,-1.6123687462338593e-05
fullrange_depletion_data_C8H6Br0(0)_1000-402,692.0,683.8143,0.3559226393699646,0.3563765585422516,1.001275330990719,-0.0012745184469191,1.514832186754657e-07
fullrange_depletion_data_C8H6Br0(0)_1000-402,693.0,684.7731,0.2341165393590927,0.1933792233467102,0.8259955656106005,0.1911658739857383,-2.2797275174986508e-05
fullrange_depletion_data_C8H6Br0(0)_1000-402,694.0,685.7319,0.3692241311073303,0.3645747900009155,0.987407808117874,0.0126721454330463,-1.5162735783317488e-06
fullrange_depletion_data_C8H6Br0(0)_1000-402,696.0,687.6495,0.387057214975357,0.351527988910675,0.908206785224391,0.0962831892777173,-1.159817277156598e-05
fullrange_depletion_data_C8H6Br0(0)_1000-402,697.0,688.6083,0.2154671996831894,0.1919140368700027,0.8906879430009864,0.1157611451791166,-1.39913223464692e-05
fullrange_depletion_data_C8H6Br0(0)_1000-402,698.0,689.5671,0.3994607031345367,0.3627652823925018,0.908137595377746,0.0963593751017466,-1.1685503449345895e-05
fullrange_depletion_data_C8H6Br0(0)_1000-402,699.0,690.5259,0.2025981843471527,0.1886368989944458,0.9310887933290448,0.071400632107841,-8.687877268802281e-06
fullrange_depletion_data_C8H6Br0(0)_1000-402,700.0,691.4847,0.4695740342140198,0.450804203748703,0.960027963435555,0.0407928663657808,-4.980290455888562e-06
fullrange_depletion_data_C8H6Br0(0)_1000-402,701.0,692.4435,0.1653342247009277,0.1772012710571289,1.0717761030885615,-0.0693171817753418,8.491234515005059e-06
fullrange_depletion_data_C8H6Br0(0)_1000-402,702.0,693.4023,0.2967166900634765,0.2857369780540466,0.9629959743515571,0.0377060475130426,-4.634480899929805e-06
fullrange_depletion_data_C8H6Br0(0)_1000-402,703.0,694.3611,0.190140888094902,0.1918599754571914,1.0090411240817987,-0.0090004978073181,1.1099857985330335e-06
fullrange_depletion_data_C8H6Br0(0)_1000-402,704.0,695.3199,0.3508917391300201,0.3149050772190094,0.8974422652404588,0.108206489111752,-1.3389540100062742e-05
fullrange_depletion_data_C8H6Br0(0)_1000-402,705.0,696.2787,0.191459447145462,0.1936089992523193,1.0112271926974916,-0.0111646355614367,1.386178067846168e-06
fullrange_depletion_data_C8H6Br0(0)_1000-402,706.0,697.2375,0.3157876133918762,0.320259690284729,1.0141616602526558,-0.0140623207187143,1.7518392088720156e-06
fullrange_depletion_data_C8H6Br0(0)_1000-402,707.0,698.1963,0.1664017736911773,0.1775484830141067,1.0669867218099274,-0.0648385278278703,8.104641590356686e-06
fullrange_depletion_data_C8H6Br0(0)_1000-402,708.0,699.1551,0.3058996498584747,0.3547336459159851,1.159640575202043,-0.1481101081414086,1.8575882006127227e-05
fullrange_depletion_data_C8H6Br0(0)_1000-402,709.0,700.1139,0.1885431557893753,0.2001474201679229,1.06154699347194,-0.0597272719979623,7.516266159897084e-06
fullrange_depletion_data_C8H6Br0(0)_1000-402,710.0,701.0726999999999,0.3457608222961426,0.3375463783740997,0.9762424098037134,0.0240443527074148,-3.036043133599768e-06
fullrange_depletion_data_C8H6Br0(0)_1000-402,711.0,702.0315,0.2037783861160278,0.2217191755771637,1.0880406887260394,-0.0843785454606125,1.0690374159510037e-05
fullrange_depletion_data_C8H6Br0(0)_1000-402,712.0,702.9903,0.2965937852859497,0.3215690553188324,1.0842069904087968,-0.080848835350337,1.0277827144688707e-05
fullrange_depletion_data_C8H6Br0(0)_1000-402,713.0,703.9491,0.1625930666923523,0.1996464282274246,1.2278901695432205,-0.2052973872423716,2.6186549613549347e-05
fullrange_depletion_data_C8H6Br0(0)_1000-402,714.0,704.9079,0.3919335007667541,0.3644295334815979,0.9298249135852148,0.0727589755210426,-9.312137736941837e-06
fullrange_depletion_data_C8H6Br0(0)_1000-402,715.0,705.8667,0.1655319631099701,0.1906777620315551,1.151909023787023,-0.1414205867481167,1.8161179551463942e-05
fullrange_depletion_data_C8H6Br0(0)_1000-402,716.0,706.8255,0.3094651401042938,0.3179163336753845,1.0273090325076435,-0.0269427936745547,3.4717087613230428e-06
fullrange_depletion_data_C8H6Br0(0)_1000-402,717.0,707.7843,0.141021728515625,0.1636299639940261,1.1603173902090995,-0.1486935799424922,1.9224841160073894e-05
fullrange_depletion_data_C8H6Br0(0)_1000-402,718.0,708.7431,0.3934659659862518,0.3988833725452423,1.013768424787164,-0.0136745011648535,1.7739956722523896e-06
fullrange_depletion_data_C8H6Br0(0)_1000-402,719.0,709.7019,0.1588198244571685,0.1549438536167144,0.9755951698492188,0.0247075636066882,-3.2161933030183965e-06
fullrange_depletion_data_C8H6Br0(0)_1000-402,720.0,710.6607,0.2927262783050537,0.3111486434936523,1.0629337594672674,-0.0610327827119294,7.9716309743007e-06
fullrange_depletion_data_C8H6Br0(0)_1000-402,721.0,711.6195,0.1537109017372131,0.1523683816194534,0.991265940785027,0.0087724246642494,-1.1496776510259829e-06
fullrange_depletion_data_C8H6Br0(0)_1000-402,722.0,712.5783,0.3592813611030578,0.3233692348003387,0.900044560640545,0.1053110050606683,-1.384851670613326e-05
fullrange_depletion_data_C8H6Br0(0)_1000-402,723.0,713.5371,0.2097836434841156,0.2134130150079727,1.017300545760289,-0.0171525952966205,2.2632526292974437e-06
fullrange_depletion_data_C8H6Br0(0)_1000-402,724.0,714.4959,0.2912649810314178,0.3097569346427917,1.0634884205642945,-0.0615544675540225,8.149614998051635e-06
fullrange_depletion_data_C8H6Br0(0)_1000-402,725.0,715.4547,0.1715510636568069,0.1601466089487075,0.9335215156059056,0.0687912679468407,-9.138728528594849e-06
fullrange_depletion_data_C8H6Br0(0)_1000-402,726.0,716.4135,0.3671259880065918,0.3309208452701568,0.9013822395602654,0.103825872092247,-1.3839921451584737e-05
fullrange_depletion_data_C8H6Br0(0)_1000-402,727.0,717.3723,0.1762591451406479,0.1748080998659134,0.9917675461685882,0.0082665276155518,-1.1056746664449914e-06
fullrange_depletion_data_C8H6Br0(0)_1000-402,728.0,718.3311,0.3756252229213714,0.3449819982051849,0.9184207480055168,0.0850996622025969,-1.1421125357033144e-05
fullrange_depletion_data_C8H6Br0(0)_1000-402,730.0,720.2487,0.3172405064105987,0.3420422673225403,1.078179678858037,-0.0752741365734901,1.0171438023353796e-05
fullrange_depletion_data_C8H6Br0(0)_1000-402,731.0,721.2075,0.1695065647363662,0.1612234711647033,0.9511340838949476,0.0501002338463973,-6.792896737053554e-06
fullrange_depletion_data_C8H6Br0(0)_1000-402,732.0,722.1663,0.3405971825122833,0.3447106182575226,1.0120771279283582,-0.0120047813291255,1.6332355169721837e-06
fullrange_depletion_data_C8H6Br0(0)_1000-402,733.0,723.1251,0.1503497958183288,0.1685227006673813,1.1208708315840428,-0.114105911388584,1.5576957107848164e-05
fullrange_depletion_data_C8H6Br0(0)_1000-402,734.0,724.0839,0.3422209620475769,0.3280251026153564,0.9585184398194552,0.0423664784765285,-5.803331489538511e-06
fullrange_depletion_data_C8H6Br0(0)_1000-402,735.0,725.0427,0.1650245636701584,0.1587741374969482,0.9621242678411008,0.0386116601090019,-5.3070677300160056e-06
fullrange_depletion_data_C8H6Br0(0)_1000-402,736.0,726.0015,0.3322939872741699,0.3589872419834137,1.0803302368731085,-0.0772667692790244,1.0656403682224329e-05
fullrange_depletion_data_C8H6Br0(0)_1000-402,737.0,726.9603,0.1761863082647323,0.1661794632673263,0.943203049680966,0.0584736964298455,-8.09209220042762e-06
fullrange_depletion_data_C8H6Br0(0)_1000-402,738.0,727.9191,0.3860849738121032,0.3907987773418426,1.0122092385082913,-0.0121353069131644,1.685132322096266e-06
fullrange_depletion_data_C8H6Br0(0)_1000-402,740.0,729.8367,0.3907431960105896,0.377007246017456,0.9648466047947224,0.0357861490403799,-5.003408548152094e-06
fullrange_depletion_data_C8H6Br0(0)_1000-402,741.0,730.7955,0.1721892356872558,0.1422543227672577,0.8261510784892012,0.1909776184460556,-2.6792809404114083e-05
fullrange_depletion_data_C8H6Br0(0)_1000-402,742.0,731.7543,0.3117151856422424,0.2339802980422973,0.7506220704654347,0.2868529889492638,-4.0381322915920706e-05
fullrange_depletion_data_C8H6Br0(0)_1000-402,743.0,732.7130999999999,0.1848928183317184,0.1187144517898559,0.6420717303192865,0.4430552520641544,-6.2584247136174e-05
fullrange_depletion_data_C8H6Br0(0)_1000-402,744.0,733.6719,0.3199926614761352,0.2607829570770263,0.8149654303758941,0.204609583357583,-2.900144856532326e-05
fullrange_depletion_data_C8H6Br0(0)_1000-402,745.0,734.6307,0.1712576448917389,0.1364532709121704,0.7967718521320891,0.2271868994751777,-3.231202493507867e-05
fullrange_depletion_data_C8H6Br0(0)_1000-402,746.0,735.5895,0.3466011583805084,0.275788813829422,0.7956950147484889,0.2285393138583287,-3.2615915545537656e-05
fullrange_depletion_data_C8H6Br0(0)_1000-402,747.0,736.5483,0.1682000458240509,0.1307567805051803,0.7773884951372794,0.2518150598280387,-3.606107833177726e-05
fullrange_depletion_data_C8H6Br0(0)_1000-402,748.0,737.5071,0.3498459458351135,0.2452057003974914,0.7008962182258924,0.3553954510876572,-5.106905462591194e-05
fullrange_depletion_data_C8H6Br0(0)_1000-402,749.0,738.4659,0.1751986742019653,0.1300143003463745,0.7420963710975162,0.2982761640631257,-4.300847406732428e-05
fullrange_depletion_data_C8H6Br0(0)_1000-402,750.0,739.4247,0.4499894976615906,0.2940438389778137,0.6534460037530609,0.4254953755702175,-6.156309505651117e-05
fullrange_depletion_data_C8H6Br0(0)_1000-402,752.0,741.3423,0.2939848899841308,0.2230321913957595,0.7586518865231432,0.2762122543295482,-4.023930994224525e-05
fullrange_depletion_data_C8H6Br0(0)_1000-402,754.0,743.2599,0.2207682579755783,0.1561238467693328,0.707184303581376,0.3464639630671011,-5.0821789031417873e-05
fullrange_depletion_data_C8H6Br0(0)_1000-402,756.0,745.1775,0.2564708590507507,0.2244088649749755,0.8749877697823335,0.1335453701138261,-1.9724559626731664e-05
fullrange_depletion_data_C8H6Br0(0)_1000-402,758.0,747.0951,0.2730216979980469,0.2180718332529068,0.7987344407127188,0.2247267530260132,-3.342120784981548e-05
fullrange_depletion_data_C8H6Br0(0)_1000-402,760.0,749.0127,0.2540474534034729,0.2202098965644836,0.8668061561504844,0.142939907187234,-2.1404841347625426e-05
fullrange_depletion_data_C8H6Br0(0)_1000-402,762.0,750.9303,0.270337700843811,0.2482468783855438,0.918284344398452,0.0852481929687823,-1.2853964725120399e-05
fullrange_depletion_data_C8H6Br0(0)_1000-402,764.0,752.8479,0.2316621392965316,0.2350576817989349,1.0146573044378948,-0.0145509243878694,2.2092158195147265e-06
fullrange_depletion_data_C8H6Br0(0)_1000-402,766.0,754.7655,0.2372932285070419,0.2569781243801117,1.0829559949810603,-0.0796943346735338,1.2183522366296918e-05
fullrange_depletion_data_C8H6Br0(0)_1000-402,768.0,756.6831,0.313837856054306,0.2223245203495025,0.7084056816620359,0.3447383526905515,-5.306828728431275e-05
fullrange_depletion_data_C8H6Br0(0)_1000-402,770.0,758.6007,0.2639365196228027,0.2660003304481506,1.0078193454558593,-0.0077889328092967,1.207329079827569e-06
fullrange_depletion_data_C8H6Br0(0)_1000-402,772.0,760.5183,0.2616622447967529,0.2757791578769684,1.0539508980028085,-0.052545862698897,8.20144971815596e-06
fullrange_depletion_data_C8H6Br0(0)_1000-402,773.0,761.4771,0.1761965602636337,0.1674756109714508,0.9505044293762932,0.0507624570158072,-7.950560333844514e-06
fullrange_depletion_data_C8H6Br0(0)_1000-402,774.0,762.4359,0.2216366976499557,0.2120818346738815,0.9568895265207172,0.0440673314750058,-6.925886840465186e-06
fullrange_depletion_data_C8H6Br0(0)_1000-402,776.0,764.3534999999999,0.2676396667957306,0.269726425409317,1.0077968958733576,-0.0077666571577691,1.2291402393334307e-06
fullrange_depletion_data_C8H6Br0(0)_1000-402,778.0,766.2711,0.2502734363079071,0.2326824218034744,0.9297128182521506,0.0728795381009578,-1.161404971846066e-05
fullrange_depletion_data_C8H6Br0(0)_1000-402,780.0,768.1887,0.2862161099910736,0.2756449580192566,0.9630658387043738,0.0376335011883363,-6.039007169707568e-06
fullrange_depletion_data_C8H6Br0(0)_1000-402,782.0,770.1063,0.2440112084150314,0.222444012761116,0.9116139139918836,0.0925387184626283,-1.495303388254341e-05
fullrange_depletion_data_C8H6Br0(0)_1000-402,784.0,772.0239,0.2580384314060211,0.208707258105278,0.8088223795504285,0.2121759415913893,-3.452382717413453e-05
fullrange_depletion_data_C8H6Br0(0)_1000-402,786.0,773.9415,0.2500757575035095,0.2106467336416244,0.8423316827848388,0.1715814197596128,-2.8113313428077336e-05
fullrange_depletion_data_C8H6Br0(0)_1000-402,788.0,775.8591,0.2484858483076095,0.2456090450286865,0.9884226675341216,0.0116448715671945,-1.9213100887860113e-06
fullrange_depletion_data_C8H6Br0(0)_1000-402,790.0,777.7767,0.2609617412090301,0.265033483505249,1.015602832343755,-0.0154823596823814,2.572307448472468e-06
fullrange_depletion_data_C8H6Br0(0)_1000-402,792.0,779.6943,0.2949376702308655,0.2841456532478332,0.9634091604012988,0.0372770764221505,-6.2366660028895846e-06
fullrange_depletion_data_C8H6Br0(0)_1000-402,794.0,781.6119,0.2658403813838959,0.2514416575431824,0.945836957629396,0.0556850740130622,-9.381586748644162e-06
fullrange_depletion_data_C8H6Br0(0)_1000-402,796.0,783.5295,0.2432187646627426,0.2240107357501983,0.9210257114035634,0.0822673262830956,-1.39570504239589e-05
fullrange_depletion_data_C8H6Br0(0)_1000-402,798.0,785.4471,0.246884599328041,0.2366522401571273,0.9585540807374634,0.0423292958268061,-7.231659424401912e-06
fullrange_depletion_data_C8H6Br0(0)_1000-402,800.0,787.3647,0.2629771828651428,0.2578431665897369,0.9804773318374216,0.0197157525957257,-3.3918981469030527e-06
fullrange_depletion_data_C8H6Br0(0)_1000-402,802.0,789.2823,0.2421358078718185,0.2434630244970321,1.0054812901771069,-0.0054663225757047,9.47019807850666e-07
fullrange_depletion_data_C8H6Br0(0)_1000-402,804.0,791.1999,0.2249666154384613,0.2306707501411438,1.025355471928869,-0.0250393543503218,4.368407189889599e-06
fullrange_depletion_data_C8H6Br0(0)_1000-402,806.0,793.1175,0.2697811722755432,0.2711890935897827,1.005218753044788,-0.0052051825466927,9.144793963645862e-07
fullrange_depletion_data_C8H6Br0(0)_1000-402,808.0,795.0350999999999,0.3311910331249237,0.3243768215179443,0.9794251325505872,0.0207894788724584,-3.6780811231822356e-06
fullrange_depletion_data_C8H6Br0(0)_1000-402,810.0,796.9527,0.2458098232746124,0.2453320622444152,0.9980563794244164,0.0019455118570743,-3.46619558674868e-07
fullrange_depletion_data_C8H6Br0(0)_1000-402,812.0,798.8703,0.259542316198349,0.2374825179576873,0.9150050035624906,0.0888257453472605,-1.59368043678247e-05
fullrange_depletion_data_C8H6Br0(0)_1000-402,814.0,800.7879,0.265440821647644,0.2521046102046966,0.9497582498420292,0.0515478006220103,-9.313596285368735e-06
fullrange_depletion_data_C8H6Br0(0)_1000-402,816.0,802.7055,0.2559394836425781,0.2287177890539169,0.8936401128843545,0.1124521431518706,-2.046075031341355e-05
fullrange_depletion_data_C8H6Br0(0)_1000-402,818.0,804.6231,0.2697750329971313,0.2676499187946319,0.9921226431560776,0.0079085471253088,-1.4491011838572018e-06
fullrange_depletion_data_C8H6Br0(0)_1000-402,820.0,806.5407,0.1737473011016845,0.1726109683513641,0.993459853804259,0.0065616266600125,-1.2107746351597342e-06
fullrange_depletion_data_C8H6Br0(0)_1000-402,822.0,808.4583,0.2354831397533416,0.2328285723924636,0.9887271446963952,0.0113368755187443,-2.1066701841886164e-06
fullrange_depletion_data_C8H6Br0(0)_1000-402,824.0,810.3759,0.2119107693433761,0.1833197772502899,0.8650800420305306,0.1449332421919354,-2.712214930124594e-05
fullrange_depletion_data_C8H6Br0(0)_1000-402,826.0,812.2935,0.2294548749923706,0.2521292567253113,1.098818478943603,-0.0942354924834494,1.7759267360942915e-05
fullrange_depletion_data_C8H6Br0(0)_1000-402,828.0,814.2111,0.3479775190353393,0.3234053552150726,0.9293857721372764,0.0732313711021107,-1.3898362831738532e-05
fullrange_depletion_data_C8H6Br0(0)_1000-402,832.0,818.0463,0.2279399782419204,0.249369665980339,1.0940146081600242,-0.0898540568905516,1.7294993602102187e-05
fullrange_depletion_data_C8H6Br0(0)_1000-402,834.0,819.9639,0.2993470132350921,0.2851383984088897,0.9525346363985812,0.0486288089693722,-9.42619856603664e-06
fullrange_depletion_data_C8H6Br0(0)_1000-402,836.0,821.8815,0.3233103156089782,0.3388898968696594,1.0481877023667985,-0.0470626751732395,9.187157619007905e-06
fullrange_depletion_data_C8H6Br0(0)_1000-402,838.0,823.7991,0.2541527450084686,0.2732731401920318,1.075231905061368,-0.0725363639526784,1.426012340524944e-05
fullrange_depletion_data_C8H6Br0(0)_1000-402,840.0,825.7167,0.2458571195602417,0.2455789744853973,0.9988686718719316,0.0011319685628085,-2.2411251993935498e-07
fullrange_depletion_data_C8H6Br0(0)_1000-402,842.0,827.6342999999999,0.2579417824745178,0.257055401802063,0.9965636405860596,0.0034422772580668,-6.863460292991727e-07
fullrange_depletion_data_C8H6Br0(0)_1000-402,844.0,829.5519,0.279188871383667,0.2936256527900696,1.0517097308888192,-0.0504171550339111,1.0123772530956463e-05
fullrange_depletion_data_C8H6Br0(0)_1000-402,846.0,831.4695,0.255126953125,0.2687023878097534,1.053210507625598,-0.0518431254470641,1.0483907750189289e-05
fullrange_depletion_data_C8H6Br0(0)_1000-402,848.0,833.3871,0.262808233499527,0.262792706489563,0.999940918860276,5.908288508325209e-05,-1.2032693484892599e-08
fullrange_depletion_data_C8H6Br0(0)_1000-402,850.0,835.3047,0.2580572366714477,0.2514422833919525,0.9743663329700876,0.0259679341730048,-5.326094202996708e-06
fullrange_depletion_data_C8H6Br0(0)_1000-402,852.0,837.2223,0.2343272566795349,0.2605133354663849,1.1117500335125845,-0.1059353805526613,2.1881841005460388e-05
fullrange_depletion_data_C8H6Br0(0)_1000-402,854.0,839.1399,0.2778358161449432,0.2786639630794525,1.0029807061810825,-0.0029762726841961,6.191387664146238e-07
fullrange_depletion_data_C8H6Br0(0)_1000-402,856.0,841.0575,0.2060198336839676,0.2028118371963501,0.9844287007214144,0.0156938053422883,-3.2878880619764394e-06
fullrange_depletion_data_C8H6Br0(0)_1000-402,858.0,842.9751,0.2688418924808502,0.273449569940567,1.0171389861051696,-0.0169937705658497,3.5855269317121753e-06
fullrange_depletion_data_C8H6Br0(0)_1000-402,860.0,844.8927,0.2548379600048065,0.2809762358665466,1.1025682196688715,-0.097642203675223,2.0748000229114266e-05
fullrange_depletion_data_C8H6Br0(0)_1000-402,862.0,846.8103,0.179677277803421,0.1779752373695373,0.9905272360829852,0.0095179159141697,-2.0368398704678524e-06
fullrange_depletion_data_C8H6Br0(0)_1000-402,864.0,848.7279,0.2326553910970688,0.2308246195316314,0.9921309729518648,0.0079001512270024,-1.7026589327765277e-06
fullrange_depletion_data_C8H6Br0(0)_1000-402,866.0,850.6455,0.299710601568222,0.276291161775589,0.9218598218745286,0.0813621039967832,-1.7660073281137503e-05
fullrange_depletion_data_C8H6Br0(0)_1000-402,868.0,852.5631,0.3045549094676971,0.3244540989398956,1.065338593644668,-0.0632926769377468,1.3835748889308641e-05
fullrange_depletion_data_C8H6Br0(0)_1000-402,870.0,854.4807,0.2477854937314987,0.2237680852413177,0.9030717733774748,0.1019532454707604,-2.2445531844042588e-05
fullrange_depletion_data_C8H6Br0(0)_1000-402,872.0,856.3983,0.2398397624492645,0.2332550436258316,0.9725453412887456,0.0278385811432168,-6.172431824699491e-06
fullrange_depletion_data_C8H6Br0(0)_1000-402,874.0,858.3158999999999,0.232391282916069,0.2312584221363067,0.9951252010594072,0.0048867195290417,-1.091208295796141e-06
fullrange_depletion_data_C8H6Br0(0)_1000-402,876.0,860.2335,0.2766255736351013,0.2315414696931839,0.837021200355871,0.1779058798338996,-4.000941729156681e-05
fullrange_depletion_data_C8H6Br0(0)_1000-402,878.0,862.1511,0.2451963573694229,0.2310749590396881,0.9424077972395856,0.0593171923079372,-1.3434910757595424e-05
fullrange_depletion_data_C8H6Br0(0)_1000-402,880.0,864.0687,0.2482715398073196,0.2740471363067627,1.103820182206334,-0.0987770561524789,2.2531655765842806e-05
fullrange_depletion_data_C8H6Br0(0)_1000-402,882.0,865.9863,0.2213649600744247,0.2198995351791381,0.9933800503259692,0.0066419587271981,-1.525866507742387e-06
fullrange_depletion_data_C8H6Br0(0)_1000-402,884.0,867.9039,0.1840870082378387,0.2087292969226837,1.1338621824578048,-0.1256296656957631,2.9066743438017578e-05
fullrange_depletion_data_C8H6Br0(0)_1000-402,886.0,869.8215,0.2361127287149429,0.2255136966705322,0.955110289470218,0.0459284588131933,-1.0702131236918451e-05
fullrange_depletion_data_C8H6Br0(0)_1000-402,888.0,871.7391,0.2316703498363495,0.2502713203430176,1.0802906825142178,-0.0772301553977644,1.8124244473908956e-05
fullrange_depletion_data_C8H6Br0(0)_1000-402,890.0,873.6567,0.1924378275871276,0.1725929230451584,0.8968762805587983,0.1088373522344197,-2.5723846197138613e-05
fullrange_depletion_data_C8H6Br0(0)_1000-402,892.0,875.5743,0.2681845724582672,0.2424306273460388,0.9039693265121131,0.1009598500150572,-2.403210709367301e-05
fullrange_depletion_data_C8H6Br0(0)_1000-402,894.0,877.4919,0.230996698141098,0.2269470691680908,0.982468888059458,0.017686601837346,-4.240069814486835e-06
fullrange_depletion_data_C8H6Br0(0)_1000-402,896.0,879.4095,0.2273111790418625,0.2273133993148803,1.0000097675487287,-9.767501026529525e-06,2.3582927604965297e-09
fullrange_depletion_data_C8H6Br0(0)_1000-402,898.0,881.3271,0.270511269569397,0.2913421392440796,1.0770055521451711,-0.0741845533561085,1.803904422830506e-05
fullrange_depletion_data_C8H6Br0(0)_1000-402,900.0,883.2447,0.1773289442062378,0.1865940988063812,1.052248405592309,-0.0509292134308152,1.247248191525012e-05
fullrange_depletion_data_C8H6Br0(0)_1000-402,902.0,885.1623,0.2067752927541732,0.18020561337471,0.8715045737546081,0.1375341658951465,-3.392207667976664e-05
fullrange_depletion_data_C8H6Br0(0)_1000-402,904.0,887.0799,0.2321483939886093,0.2178353369235992,0.938345224711258,0.063637354285078,-1.5807742800677263e-05
fullrange_depletion_data_C8H6Br0(0)_1000-402,906.0,888.9975,0.2560828328132629,0.2360266596078872,0.921680914784316,0.0815561947344778,-2.0403306478369285e-05
fullrange_depletion_data_C8H6Br0(0)_1000-402,908.0,890.9150999999999,0.2295363992452621,0.2065796554088592,0.8999864774742181,0.1053755407993497,-2.655028326952358e-05
fullrange_depletion_data_C8H6Br0(0)_1000-402,910.0,892.8327,0.2428018748760223,0.2353652119636535,0.9693714765746104,0.0311073797972196,-7.893658897315514e-06
fullrange_depletion_data_C8H6Br0(0)_1000-402,912.0,894.7503,0.2203298211097717,0.2301849871873855,1.0447291520865158,-0.0437576672164345,1.1182900266697376e-05
fullrange_depletion_data_C8H6Br0(0)_1000-402,914.0,896.6679,0.2444977760314941,0.2598084509372711,1.0626209168618563,-0.0607384194465154,1.5633235686519144e-05
fullrange_depletion_data_C8H6Br0(0)_1000-402,916.0,898.5855,0.2268073111772537,0.236188918352127,1.041363777588023,-0.0405311787219415,1.0506532273725306e-05
fullrange_depletion_data_C8H6Br0(0)_1000-402,918.0,900.5031,0.2278553545475006,0.2405618131160736,1.055765459599608,-0.0542660579637366,1.4167161281006715e-05
fullrange_depletion_data_C8H6Br0(0)_1000-402,920.0,902.4207,0.2239146679639816,0.2309672385454177,1.031496688651815,-0.031010843297953,8.153650769150114e-06
fullrange_depletion_data_C8H6Br0(0)_1000-402,922.0,904.3383,0.2089347094297409,0.227956011891365,1.0910394568405617,-0.0871308719536701,2.307246878982282e-05
fullrange_depletion_data_C8H6Br0(0)_1000-402,924.0,906.2559,0.2263756543397903,0.2334609180688858,1.031298700161725,-0.0308188819509656,8.219053699363263e-06
fullrange_depletion_data_C8H6Br0(0)_1000-402,926.0,908.1735,0.2884585857391357,0.2675929665565491,0.927665113072917,0.0750844808585104,-2.0166821276435744e-05
fullrange_depletion_data_C8H6Br0(0)_1000-402,928.0,910.0911,0.2261587977409362,0.2297859340906143,1.0160380068602632,-0.0159107567836468,4.303876208593062e-06
fullrange_depletion_data_C8H6Br0(0)_1000-402,930.0,912.0087,0.2488794326782226,0.2461761981248855,0.9891383770677744,0.0109210410014024,-2.9751846096608685e-06
fullrange_depletion_data_C8H6Br0(0)_1000-402,932.0,913.9263,0.2511581480503082,0.2364280074834823,0.9413511340118842,0.060439059146625,-1.6582413606105794e-05
fullrange_depletion_data_C8H6Br0(0)_1000-402,934.0,915.8439,0.2294887155294418,0.2160037755966186,0.9412392025389452,0.060557971339998,-1.6733265166781152e-05
fullrange_depletion_data_C8H6Br0(0)_1000-402,936.0,917.7615,0.2438003867864608,0.2263378649950027,0.9283736911920768,0.0743209427773494,-2.0682308459640266e-05
fullrange_depletion_data_C8H6Br0(0)_1000-402,938.0,919.6791,0.2213323265314102,0.2288013696670532,1.0337458303208278,-0.033188933800667,9.301619383950554e-06
fullrange_depletion_data_C8H6Br0(0)_1000-402,940.0,921.5966999999999,0.2739791870117187,0.2330688387155532,0.8506808172461084,0.1617182886302201,-4.564580155977307e-05
fullrange_depletion_data_C8H6Br0(0)_1000-402,942.0,923.5143,0.2247314602136612,0.2195733487606048,0.9770476663652152,0.0232198396287425,-6.600491344386335e-06
fullrange_depletion_data_C8H6Br0(0)_1000-402,944.0,925.4319,0.2551339268684387,0.2101273238658905,0.8235961655316969,0.1940749595803594,-5.5559809867522316e-05
fullrange_depletion_data_C8H6Br0(0)_1000-402,946.0,927.3495,0.2223137468099594,0.2337116748094558,1.0512695600836586,-0.0499985386324295,1.4415228695597587e-05
fullrange_depletion_data_C8H6Br0(0)_1000-402,948.0,929.2671,0.2520665228366852,0.2161329835653305,0.8574442219975552,0.1537991492908768,-4.465703207024571e-05
fullrange_depletion_data_C8H6Br0(0)_1000-402,950.0,931.1847,0.2459546625614166,0.2409284561872482,0.9795645005391458,0.0206471932917289,-6.037641124250414e-06
fullrange_depletion_data_C8H6Br0(0)_1000-402,952.0,933.1023,0.2258621603250503,0.2305122911930084,1.0205883573470909,-0.0203792819274544,6.0015590331094386e-06
fullrange_depletion_data_C8H6Br0(0)_1000-402,954.0,935.0199,0.2302442640066146,0.2098306566476822,0.9113393445565008,0.0928399543129403,-2.753452402418946e-05
fullrange_depletion_data_C8H6Br0(0)_1000-402,956.0,936.9375,0.2276811897754669,0.2294632792472839,1.0078271264902228,-0.0077966534433184,2.328717383966653e-06
fullrange_depletion_data_C8H6Br0(0)_1000-402,958.0,938.8551,0.2438720464706421,0.2382252663373947,0.976845316160796,0.0234269647957318,-7.046749912271336e-06
fullrange_depletion_data_C8H6Br0(0)_1000-402,960.0,940.7727,0.2870152294635772,0.2846085131168365,0.9916146737187472,0.0084206809084581,-2.550836563781146e-06
fullrange_depletion_data_C8H6Br0(0)_1000-402,962.0,942.6903,0.2624945938587188,0.2507559657096863,0.9552804955847944,0.0457502689722894,-1.3956930093101234e-05
fullrange_depletion_data_C8H6Br0(0)_1000-402,964.0,944.6079,0.2351536750793457,0.2344584465026855,0.99704351387906,0.0029608651592055,-9.096490659585374e-07
fullrange_depletion_data_C8H6Br0(0)_1000-402,966.0,946.5255,0.3219589591026306,0.2994225323200226,0.930002175291466,0.0725683538144893,-2.2452236722965846e-05
fullrange_depletion_data_C8H6Br0(0)_1000-402,968.0,948.4431,0.192525252699852,0.1938247233629226,1.0067496115176982,-0.0067269348717241,2.09596815651054e-06
fullrange_depletion_data_C8H6Br0(0)_1000-402,970.0,950.3607,0.2383033037185669,0.2344478070735931,0.9838210524788736,0.0163112557048331,-5.1180900067490945e-06
fullrange_depletion_data_C8H6Br0(0)_1000-402,972.0,952.2783,0.2538942992687225,0.2226961553096771,0.8771215263639094,0.1311097256695889,-4.1429183387966514e-05
fullrange_depletion_data_C8H6Br0(0)_1000-402,974.0,954.1958999999999,0.2268688976764679,0.2464141398668289,1.0861521450958609,-0.0826413084724595,2.6297677226472562e-05
fullrange_depletion_data_C8H6Br0(0)_1000-402,976.0,956.1135,0.2431299686431884,0.2170275300741195,0.8926399788774037,0.1135719385479819,-3.639466368068913e-05
fullrange_depletion_data_C8H6Br0(0)_1000-402,978.0,958.0311,0.2381486147642135,0.2136364132165908,0.8970718281444058,0.108619344160013,-3.505241635021483e-05
fullrange_depletion_data_C8H6Br0(0)_1000-402,980.0,959.9487,0.2195561975240707,0.1991257518529892,0.9069466227714128,0.0976716809058999,-3.174103845991587e-05
fullrange_depletion_data_C8H6Br0(0)_1000-402,982.0,961.8663,0.2350795418024063,0.240553542971611,1.023285740338076,-0.0230187640365191,7.533098509911811e-06
fullrange_depletion_data_C8H6Br0(0)_1000-402,984.0,963.7839,0.2650444805622101,0.2402251064777374,0.9063577025568462,0.0983212356740071,-3.2402279451445903e-05
fullrange_depletion_data_C8H6Br0(0)_1000-402,986.0,965.7015,0.3162343800067901,0.3266887962818146,1.03305907559703,-0.0325243768827828,1.0793719886114785e-05
fullrange_depletion_data_C8H6Br0(0)_1000-402,988.0,967.6191,0.2390641719102859,0.2316209971904754,0.9688653692423485,0.031629614574519,-1.0570298077722561e-05
fullrange_depletion_data_C8H6Br0(0)_1000-402,990.0,969.5367,0.2549034655094147,0.2511294484138489,0.9851943280252248,0.0149163699333815,-5.019781667757885e-06
fullrange_depletion_data_C8H6Br0(0)_1000-402,992.0,971.4543,0.2506436109542846,0.2630906403064728,1.0496602698341206,-0.0484665592760833,1.642439231381133e-05
fullrange_depletion_data_C8H6Br0(0)_1000-402,994.0,973.3719,0.2417079210281372,0.2077638804912567,0.8595658744136521,0.1513278143810084,-5.1640248696932826e-05
fullrange_depletion_data_C8H6Br0(0)_1000-402,996.0,975.2895,0.2566266059875488,0.2628770470619201,1.0243561693469718,-0.0240642877692986,8.269170494604842e-06
fullrange_depletion_data_C8H6Br0(0)_1000-402,998.0,977.2071,0.1883825808763504,0.1847274303436279,0.9805971947314936,0.0195935105364899,-6.779808019819163e-06
fullrange_depletion_data_C8H6Br0(0)_1000-402,1000.0,979.1247,0.4890181124210357,0.4597519040107727,0.9401531197579336,0.0617125236242662,-2.1502621471869865e-05
